{
  "version": 1,
  "author": "IOT PROJECT",
  "editor": "wokwi",
  "parts": [
    { "type": "board-esp32-devkit-c-v4", "id": "esp", "top": -9.6, "left": 33.64, "attrs": {} },
    {
      "type": "wokwi-led",
      "id": "led1",
      "top": 34.8,
      "left": -111.4,
      "attrs": { "color": "red" }
    }
  ],
  "connections": [
    [ "esp:TX", "$serialMonitor:RX", "", [] ],
    [ "esp:RX", "$serialMonitor:TX", "", [] ],
    [ "led1:C", "esp:GND.1", "black", [ "v0" ] ],
    [ "led1:A", "esp:12", "green", [ "v57.6", "h124.8" ] ]
  ],
  "dependencies": {}
}